﻿<?xml version="1.0" encoding="utf-8"?><Universidad xmlns:xsi="http://www.w3.org/2001/XMLSchema-instance" xmlns:xsd="http://www.w3.org/2001/XMLSchema"><Alumnos><Alumno><Apellido>Lopez</Apellido><Nombre>Juan</Nombre><DNI>12234456</DNI><Nacionalidad>Argentino</Nacionalidad></Alumno><Alumno><Apellido>Hernandez</Apellido><Nombre>Miguel</Nombre><DNI>92264456</DNI><Nacionalidad>Extranjero</Nacionalidad></Alumno><Alumno><Apellido>Gonzalez</Apellido><Nombre>Carlos</Nombre><DNI>12236456</DNI><Nacionalidad>Argentino</Nacionalidad></Alumno><Alumno><Apellido>Perez</Apellido><Nombre>Juan</Nombre><DNI>12234656</DNI><Nacionalidad>Argentino</Nacionalidad></Alumno><Alumno><Apellido>Suarez</Apellido><Nombre>Joaquin</Nombre><DNI>91122456</DNI><Nacionalidad>Extranjero</Nacionalidad></Alumno><Alumno><Apellido>Smith</Apellido><Nombre>Rodrigo</Nombre><DNI>22236456</DNI><Nacionalidad>Argentino</Nacionalidad></Alumno></Alumnos><Jornadas><Jornada><Alumnos><Alumno><Apellido>Lopez</Apellido><Nombre>Juan</Nombre><DNI>12234456</DNI><Nacionalidad>Argentino</Nacionalidad></Alumno><Alumno><Apellido>Gonzalez</Apellido><Nombre>Carlos</Nombre><DNI>12236456</DNI><Nacionalidad>Argentino</Nacionalidad></Alumno></Alumnos><Clase>Programacion</Clase><Instructor><Apellido>Lopez</Apellido><Nombre>Juan</Nombre><DNI>12224458</DNI><Nacionalidad>Argentino</Nacionalidad></Instructor></Jornada><Jornada><Alumnos><Alumno><Apellido>Hernandez</Apellido><Nombre>Miguel</Nombre><DNI>92264456</DNI><Nacionalidad>Extranjero</Nacionalidad></Alumno><Alumno><Apellido>Smith</Apellido><Nombre>Rodrigo</Nombre><DNI>22236456</DNI><Nacionalidad>Argentino</Nacionalidad></Alumno></Alumnos><Clase>Legislacion</Clase><Instructor><Apellido>Juarez</Apellido><Nombre>Roberto</Nombre><DNI>32234456</DNI><Nacionalidad>Argentino</Nacionalidad></Instructor></Jornada><Jornada><Alumnos /><Clase>SPD</Clase><Instructor><Apellido>Lopez</Apellido><Nombre>Juan</Nombre><DNI>12224458</DNI><Nacionalidad>Argentino</Nacionalidad></Instructor></Jornada></Jornadas><Instructores><Profesor><Apellido>Lopez</Apellido><Nombre>Juan</Nombre><DNI>12224458</DNI><Nacionalidad>Argentino</Nacionalidad></Profesor><Profesor><Apellido>Juarez</Apellido><Nombre>Roberto</Nombre><DNI>32234456</DNI><Nacionalidad>Argentino</Nacionalidad></Profesor></Instructores></Universidad>